Merk,RAM_GB,Storage_GB,Umur_Tahun,Kondisi_Fisik,Harga_Jual
Xiaomi,6,512,0,9,30650000
Infinix,8,128,2,5,7850000
Xiaomi,8,512,1,9,27950000
Vivo,6,128,5,5,4300000
Samsung,8,512,2,7,27050000
Vivo,4,128,2,10,9000000
Xiaomi,8,512,2,10,24950000
Xiaomi,6,128,2,9,9100000
Xiaomi,8,512,2,10,25200000
Oppo,12,512,2,9,25550000
iPhone,12,256,5,5,11750000
Samsung,6,128,2,7,11200000
Infinix,8,256,4,9,10350000
iPhone,12,512,2,8,30250000
Infinix,4,64,2,7,4600000
Samsung,6,512,2,8,26800000
Samsung,4,256,4,6,10750000
Infinix,12,256,0,6,17950000
Oppo,6,512,0,7,29950000
Xiaomi,12,512,2,8,25150000
Infinix,12,512,1,8,28250000
Oppo,6,128,4,6,6350000
Samsung,6,256,4,6,11800000
Samsung,6,256,1,5,17850000
Samsung,8,512,4,7,19600000
iPhone,4,512,1,5,31050000
iPhone,4,128,1,7,13850000
Oppo,4,64,2,8,5950000
iPhone,4,512,0,5,34300000
Vivo,6,512,2,6,23300000
Vivo,6,64,0,9,8150000
Oppo,8,128,1,8,11100000
Samsung,12,64,5,8,5650000
iPhone,8,128,4,6,9750000
Samsung,6,256,4,8,12100000
Vivo,12,256,0,7,19400000
Xiaomi,6,64,2,8,5800000
Infinix,6,64,0,7,6900000
Samsung,4,256,4,10,11600000
iPhone,4,64,3,9,8700000
Xiaomi,4,512,2,6,22650000
Xiaomi,8,128,4,5,5950000
Oppo,4,64,4,5,4100000
Xiaomi,8,256,0,8,17550000
Oppo,6,512,2,10,25100000
iPhone,8,64,5,6,7000000
Oppo,8,256,1,5,16100000
Vivo,8,512,4,10,18300000
Samsung,6,64,0,8,10400000
Xiaomi,6,128,2,6,8350000
Vivo,8,512,5,7,14600000
Oppo,12,512,0,10,33100000
Samsung,6,64,4,7,6000000
Infinix,4,256,2,9,13250000
Xiaomi,6,128,3,9,7800000
Xiaomi,8,128,3,5,6950000
Vivo,8,128,1,9,10400000
Samsung,6,64,1,6,8950000
Vivo,8,512,0,6,30450000
Samsung,6,512,4,9,19700000
iPhone,8,128,3,5,11200000
Oppo,4,64,3,6,4800000
Oppo,8,256,2,5,13750000
Vivo,4,64,4,5,3900000
Vivo,8,512,0,10,30750000
Oppo,6,64,2,7,5750000
Infinix,8,128,1,10,10000000
Samsung,8,512,5,7,15950000
iPhone,8,128,1,8,15650000
Samsung,6,256,4,6,11850000
Vivo,4,256,1,9,14950000
Infinix,4,128,4,7,5050000
Infinix,8,512,4,9,18350000
Xiaomi,12,512,5,8,15900000
Oppo,4,512,5,9,14800000
Infinix,4,512,0,6,28650000
Xiaomi,6,512,2,7,23600000
Infinix,12,256,1,9,16450000
Oppo,4,64,1,7,6500000
Vivo,6,64,1,8,7300000
Infinix,6,512,4,6,17600000
Infinix,8,512,3,8,20800000
Xiaomi,6,512,3,8,21150000
Oppo,8,512,3,5,21050000
Oppo,8,512,5,10,15600000
Infinix,12,64,0,7,8800000
Samsung,12,512,1,5,30650000
Vivo,4,64,4,6,4250000
Oppo,8,256,2,6,14400000
Xiaomi,4,512,1,7,26700000
Oppo,8,128,2,6,9050000
Infinix,8,64,4,6,4350000
Xiaomi,8,512,4,6,18250000
Samsung,8,128,0,7,14200000
Oppo,12,256,1,7,17350000
Xiaomi,4,64,4,6,3400000
iPhone,12,256,2,5,19450000
Samsung,12,64,2,10,10100000
Xiaomi,6,256,5,7,8450000
Xiaomi,12,128,5,8,6350000
Infinix,8,256,0,5,16950000
Oppo,8,512,4,7,17850000
Vivo,4,128,4,6,5400000
Vivo,6,64,2,5,5150000
Oppo,8,64,4,5,4100000
Samsung,12,512,1,8,31450000
Infinix,6,512,3,8,20600000
Infinix,12,64,4,10,5850000
Oppo,8,64,0,8,8850000
Samsung,12,256,1,6,19100000
Oppo,12,64,5,10,5300000
Oppo,8,64,4,5,4450000
Vivo,12,512,1,6,28400000
Vivo,6,64,4,6,4100000
Oppo,8,128,5,7,5750000
Samsung,8,512,3,6,23200000
Vivo,8,64,3,7,5100000
Infinix,4,64,4,10,4250000
iPhone,12,512,5,5,17950000
Xiaomi,8,512,1,8,27550000
iPhone,8,64,0,8,13800000
Infinix,12,128,2,6,8700000
Oppo,12,128,3,9,9350000
Samsung,12,64,0,5,11550000
Samsung,6,128,3,7,9850000
Infinix,6,128,0,8,10650000
Oppo,6,512,2,8,24600000
iPhone,4,64,4,7,7800000
Samsung,8,512,1,10,30250000
iPhone,4,512,5,5,16800000
Vivo,12,64,5,10,5450000
iPhone,12,64,5,9,8050000
Vivo,6,256,5,5,8250000
iPhone,6,512,4,6,21400000
Infinix,12,64,3,9,6800000
Oppo,8,128,2,10,10000000
Samsung,12,64,3,10,9000000
Vivo,8,128,4,5,6300000
Oppo,12,128,1,5,11350000
Vivo,12,512,1,6,28450000
Oppo,8,128,5,5,5400000
iPhone,4,512,3,6,23800000
Oppo,8,512,5,6,14500000
Oppo,4,256,0,8,17150000
Infinix,12,128,2,7,9100000
Xiaomi,8,256,0,8,18000000
Oppo,12,256,4,9,11350000
iPhone,8,64,2,6,10800000
Xiaomi,6,64,2,9,6400000
Infinix,4,512,1,9,26250000
Oppo,8,512,0,10,31050000
Infinix,12,64,3,10,6800000
Infinix,4,512,4,7,16750000
Vivo,12,512,4,10,19050000
Infinix,8,512,1,10,27600000
Oppo,6,512,2,7,24000000
iPhone,8,512,0,6,36000000
Samsung,6,256,4,5,11500000
Vivo,6,128,5,5,4500000
iPhone,6,64,1,7,12350000
Vivo,12,128,0,10,13650000
Xiaomi,6,256,1,10,16250000
Xiaomi,6,256,5,5,7950000
Infinix,4,512,0,6,28900000
iPhone,8,512,5,5,17700000
Xiaomi,6,256,5,8,8300000
Xiaomi,6,64,3,7,5250000
Samsung,12,256,4,9,13150000
Infinix,6,64,5,9,3250000
Infinix,8,512,5,9,14750000
Infinix,12,256,0,10,19050000
iPhone,6,64,1,9,12850000
Samsung,8,64,2,8,8450000
Samsung,8,512,3,8,22950000
iPhone,12,128,3,5,12000000
iPhone,6,64,4,6,7850000
Xiaomi,4,512,5,6,14550000
Xiaomi,4,64,5,8,3050000
Oppo,12,256,5,5,8600000
Vivo,8,512,2,9,24950000
Samsung,4,256,0,5,19050000
Samsung,6,128,1,6,12000000
iPhone,6,512,2,5,28050000
iPhone,6,256,5,5,10350000
Vivo,4,128,3,8,6950000
Infinix,12,128,3,5,8000000
Infinix,4,256,4,5,8600000
Infinix,4,256,0,5,15350000
Vivo,12,512,0,9,31900000
Vivo,4,256,0,9,16600000
Xiaomi,6,512,5,6,14800000
Xiaomi,6,64,3,5,4100000
Oppo,8,256,1,8,16000000
Vivo,12,128,2,5,9300000
Xiaomi,12,64,4,9,5650000
iPhone,6,256,2,7,18700000
Samsung,12,64,1,8,10750000
Samsung,8,512,4,7,19350000
Oppo,8,128,4,10,6900000
Oppo,12,64,5,7,4150000
Infinix,12,512,4,9,19200000
Vivo,6,512,1,5,27000000
Oppo,6,256,3,5,11300000
Infinix,12,128,1,5,9900000
Vivo,8,64,0,7,8200000
iPhone,12,512,3,6,25500000
iPhone,6,64,3,8,9600000
iPhone,4,64,0,5,12200000
iPhone,4,64,5,8,6350000
Infinix,6,512,1,10,26750000
Infinix,6,128,4,9,5800000
Xiaomi,12,256,2,7,15350000
iPhone,12,128,3,9,13300000
iPhone,6,128,1,9,15100000
Samsung,4,64,3,9,7000000
Samsung,8,64,5,10,5550000
Infinix,6,64,2,10,5750000
iPhone,6,64,1,5,11250000
Xiaomi,4,256,1,6,14750000
Infinix,4,64,3,8,4900000
Infinix,6,64,3,7,4900000
Xiaomi,4,256,2,7,13150000
Vivo,4,64,3,8,4450000
Xiaomi,12,64,0,6,8850000
Samsung,8,256,2,9,16600000
Samsung,8,64,1,7,9800000
Vivo,12,64,3,9,7250000
Infinix,6,64,0,10,7300000
Samsung,6,64,5,5,4150000
Xiaomi,4,512,5,5,13600000
iPhone,4,64,0,6,12900000
Samsung,12,512,1,6,31050000
Infinix,4,128,3,6,6150000
Vivo,6,64,3,8,5500000
Oppo,6,128,4,5,5600000
Samsung,6,256,2,8,16150000
Vivo,12,64,1,7,8500000
iPhone,6,128,3,9,12300000
iPhone,12,256,4,8,15100000
Oppo,4,256,5,10,9000000
iPhone,4,64,2,9,10150000
iPhone,12,512,1,10,34700000
Infinix,4,256,3,8,11250000
Vivo,12,128,4,6,7000000
Oppo,12,512,1,6,29100000
iPhone,6,64,1,8,11750000
Infinix,8,512,5,5,14650000
Xiaomi,12,512,2,5,24500000
Xiaomi,4,64,0,6,7050000
Infinix,12,64,3,7,5950000
iPhone,4,128,4,5,9450000
Oppo,8,64,1,10,8100000
Samsung,4,512,2,9,26550000
Vivo,8,64,4,10,5050000
Vivo,12,256,2,8,15450000
iPhone,4,256,5,6,10550000
Infinix,8,64,3,7,4650000
Samsung,12,64,5,7,5350000
Infinix,6,512,3,9,20550000
Samsung,4,128,2,6,10250000
Samsung,12,256,3,9,15700000
Infinix,4,512,1,10,26800000
Infinix,8,64,1,10,7000000
iPhone,12,64,5,6,6900000
Oppo,8,64,2,8,6500000
Vivo,8,512,3,6,20600000
iPhone,4,256,1,9,20650000
iPhone,12,512,1,9,34550000
Vivo,12,256,3,5,13050000
Infinix,4,256,4,8,9900000
iPhone,4,256,0,7,22650000
Vivo,12,512,1,8,29250000
iPhone,6,256,0,7,23350000
Oppo,12,64,5,6,4100000
iPhone,8,512,2,8,29000000
Infinix,8,128,1,6,9750000
Xiaomi,8,64,4,5,4500000
iPhone,12,512,0,8,37750000
Oppo,12,64,2,5,7450000
Xiaomi,8,256,4,6,10400000
Infinix,8,128,1,10,9800000
Infinix,8,512,2,9,23750000
iPhone,6,256,5,10,11400000
Samsung,12,256,2,8,17300000
Xiaomi,12,64,2,5,6500000
Oppo,8,512,5,8,15650000
Vivo,6,128,4,8,6050000
iPhone,12,128,3,7,12350000
Oppo,6,512,0,10,30950000
Oppo,12,256,2,6,15300000
Vivo,8,256,0,7,18250000
iPhone,6,128,4,9,10250000
Samsung,6,128,2,5,10000000
Samsung,8,128,4,5,7450000
Oppo,6,64,0,10,8250000
Xiaomi,6,64,3,7,4550000
Xiaomi,4,256,1,6,14150000
Infinix,6,128,1,7,9400000
Samsung,8,128,2,10,12100000
Vivo,12,512,0,10,32500000
Infinix,12,512,4,9,19250000
iPhone,6,512,2,7,29000000
iPhone,4,256,2,8,18350000
iPhone,12,512,3,10,27000000
Vivo,12,64,4,7,5750000
Samsung,8,512,0,7,33400000
Infinix,4,128,0,5,9100000
Xiaomi,12,256,0,10,19700000
Samsung,6,256,5,7,9550000
Vivo,4,128,0,5,9800000
Xiaomi,12,512,5,7,15900000
Oppo,4,64,4,8,3850000
Xiaomi,6,128,0,5,10100000
Oppo,12,512,4,5,18400000
Oppo,4,512,2,8,23700000
Infinix,8,128,4,9,6750000
Samsung,8,64,0,6,11100000
iPhone,8,64,2,5,10750000
Oppo,12,64,5,6,4350000
Oppo,4,512,1,8,26600000
Samsung,4,128,0,10,13450000
Vivo,12,256,3,7,13500000
Samsung,8,256,2,9,16600000
Samsung,6,512,2,8,25850000
Xiaomi,8,128,4,10,7300000
Oppo,4,128,4,8,6150000
Samsung,4,64,4,10,6000000
Oppo,6,512,0,10,30950000
Oppo,6,128,4,9,7000000
Oppo,4,256,0,10,17850000
Vivo,4,512,2,9,23550000
Oppo,12,512,5,10,15900000
Xiaomi,4,128,3,6,6650000
Xiaomi,8,128,3,5,6950000
iPhone,4,64,0,10,13400000
Infinix,12,128,3,6,7500000
Samsung,12,256,5,10,11200000
Infinix,4,128,2,9,7500000
Vivo,12,512,0,5,31350000
Oppo,12,512,1,9,29250000
iPhone,12,512,0,8,37800000
Xiaomi,6,128,3,7,7450000
iPhone,6,512,4,7,20950000
Xiaomi,6,256,4,9,10650000
Oppo,4,128,3,6,6600000
Infinix,6,256,1,8,14600000
Vivo,6,64,1,5,6200000
Infinix,4,64,3,8,4750000
Xiaomi,6,128,0,9,11100000
Samsung,12,512,2,10,28350000
Vivo,8,512,5,7,15300000
Xiaomi,6,128,1,6,9550000
Oppo,6,64,5,10,4700000
iPhone,8,512,5,9,18100000
Samsung,4,256,3,8,13100000
Xiaomi,8,128,4,10,7100000
Samsung,4,64,0,8,10050000
Xiaomi,12,64,5,6,3750000
Oppo,8,256,2,5,14150000
Infinix,6,128,5,5,4300000
iPhone,6,256,4,10,13750000
iPhone,6,256,2,5,17550000
Oppo,6,64,1,7,6700000
Infinix,8,512,0,8,30050000
iPhone,12,128,3,10,13050000
Oppo,12,256,4,7,10950000
Samsung,8,512,5,10,17300000
iPhone,6,128,0,6,15950000
iPhone,12,256,2,8,19900000
iPhone,6,256,2,5,17550000
Vivo,12,256,2,5,14400000
Infinix,6,64,5,6,2450000
Xiaomi,12,64,4,7,5150000
Vivo,8,256,2,5,13600000
iPhone,8,128,0,7,17400000
Infinix,6,64,1,9,6600000
Vivo,6,128,5,7,4700000
Samsung,12,128,4,6,8650000
Samsung,12,512,5,8,16900000
Vivo,12,512,0,6,31250000
Xiaomi,6,512,2,10,24050000
iPhone,8,512,3,8,25400000
Oppo,4,64,0,8,7400000
iPhone,8,128,1,8,15550000
Samsung,12,512,0,8,34800000
Infinix,6,64,4,5,3400000
Vivo,6,512,1,5,26750000
Xiaomi,4,256,5,5,7600000
iPhone,12,128,1,10,17150000
iPhone,8,256,3,9,16350000
Infinix,8,512,0,8,30200000
Vivo,8,256,1,10,16800000
Vivo,8,64,4,8,4500000
Samsung,12,512,4,5,19700000
Samsung,8,128,1,7,12450000
Vivo,4,256,1,9,15150000
Vivo,12,64,5,9,5250000
Oppo,8,64,1,8,7800000
Vivo,4,512,2,10,23700000
Samsung,12,256,5,10,11150000
Samsung,8,512,1,8,30650000
Xiaomi,4,512,1,10,27050000
Samsung,12,256,4,8,13050000
Xiaomi,8,256,1,5,15350000
iPhone,12,512,2,10,30200000
Samsung,8,512,3,7,23600000
Vivo,8,128,3,5,6950000
Vivo,6,512,1,10,27050000
Vivo,4,128,5,5,4400000
Samsung,12,256,2,9,17250000
Samsung,4,256,4,9,11600000
Oppo,4,256,4,6,9750000
Infinix,6,256,3,9,11850000
Samsung,4,128,5,9,6250000
Xiaomi,4,256,1,9,14800000
Xiaomi,12,128,5,6,6100000
Infinix,8,256,3,5,11150000
Vivo,4,128,3,10,8000000
iPhone,8,512,5,7,18300000
iPhone,12,256,2,8,19950000
Oppo,4,512,4,7,17450000
Infinix,6,64,2,8,5150000
Vivo,6,128,0,5,10700000
Xiaomi,4,512,2,10,23350000
Xiaomi,4,512,1,5,25450000
Vivo,6,128,1,7,9400000
Infinix,12,128,3,10,8600000
Xiaomi,12,64,2,7,7150000
Samsung,12,128,5,10,8000000
Oppo,4,128,3,10,8000000
Samsung,6,512,5,7,16000000
Vivo,8,64,1,8,7750000
Samsung,8,512,2,9,27350000
Oppo,12,64,5,10,5250000
Xiaomi,8,256,3,6,12050000
Samsung,12,64,2,8,9900000
Infinix,6,256,1,5,14850000
Samsung,6,128,4,6,8100000
Xiaomi,6,256,3,5,11150000
Vivo,6,256,5,7,7850000
Infinix,6,64,3,6,4650000
Samsung,8,128,3,9,10000000
Xiaomi,6,128,1,9,9900000
Vivo,8,128,4,5,6450000
Infinix,8,256,1,8,15300000
iPhone,4,512,2,9,28650000
Vivo,6,256,4,5,10000000
iPhone,12,256,0,6,24850000
Xiaomi,8,64,1,10,8100000
Samsung,8,256,1,9,18750000
Xiaomi,6,256,0,10,18100000
Infinix,8,64,2,9,6150000
Vivo,12,64,5,10,4650000
Oppo,6,512,2,9,24050000
Samsung,6,512,3,6,22550000
Xiaomi,4,64,2,9,5850000
Infinix,4,128,3,9,7250000
Samsung,12,64,0,7,12250000
Oppo,6,256,3,9,12700000
Samsung,12,512,1,8,31200000
Samsung,6,256,2,6,15650000
Infinix,8,64,0,7,7150000
iPhone,12,512,4,6,21800000
Samsung,12,64,0,9,12950000
Vivo,4,512,1,9,26450000
iPhone,4,64,4,5,6850000
Samsung,6,256,3,10,14900000
Infinix,12,128,0,10,12500000
Xiaomi,8,256,1,7,16050000
Xiaomi,6,512,1,6,26200000
Xiaomi,12,128,1,10,11800000
iPhone,12,64,1,8,13550000
Infinix,8,256,2,9,13800000
Infinix,12,512,2,6,24400000
Infinix,4,128,3,10,6900000
Oppo,6,128,5,6,5100000
Samsung,12,128,0,9,15750000
Xiaomi,6,64,5,5,3250000
Infinix,6,128,5,8,5200000
Samsung,12,128,0,6,15600000
Samsung,4,256,1,9,17550000
Xiaomi,6,512,0,5,29300000
Infinix,8,64,5,8,3950000
Oppo,6,128,1,5,9050000
Samsung,6,64,4,5,5750000
Xiaomi,12,256,4,9,11100000
Vivo,8,512,0,9,30650000
Vivo,12,64,0,6,9450000
iPhone,4,256,3,8,15250000
Oppo,6,64,0,6,7500000
Infinix,4,64,3,6,4100000
Oppo,12,256,3,9,13700000
iPhone,6,512,3,6,24300000
Xiaomi,12,128,1,6,11000000
Xiaomi,8,128,0,7,11650000
Xiaomi,8,64,5,10,4600000
Xiaomi,12,256,1,7,17150000
Samsung,6,256,3,9,14400000
Oppo,8,512,2,8,25050000
iPhone,8,512,2,10,29450000
Oppo,4,256,3,10,11800000
Oppo,8,512,4,8,18700000
Xiaomi,6,256,1,9,15350000
Oppo,8,256,4,6,10650000
Oppo,8,128,5,6,5600000
Oppo,4,512,4,7,17650000
Vivo,12,128,1,8,11650000
Samsung,12,256,0,7,22250000
Vivo,6,64,5,6,3250000
Xiaomi,8,128,3,9,8300000
Vivo,12,512,0,6,31600000
Vivo,6,64,1,5,6500000
iPhone,8,256,3,5,15650000
Oppo,6,512,1,8,27850000
Infinix,6,512,3,7,20300000
Vivo,4,128,5,7,5000000
Infinix,4,128,0,7,9250000
iPhone,6,512,1,9,32650000
Xiaomi,8,256,1,6,15450000
iPhone,12,256,2,6,19650000
Oppo,12,128,4,8,7950000
Xiaomi,8,128,3,8,7700000
Vivo,6,512,1,7,27200000
Infinix,6,128,4,10,6800000
Infinix,4,128,4,9,5850000
Oppo,6,512,4,8,18500000
Vivo,4,64,1,9,6200000
Infinix,6,256,3,5,11450000
Samsung,6,64,3,8,7600000
Samsung,6,128,2,9,10800000
Xiaomi,12,256,5,8,9150000
Samsung,12,128,4,9,9050000
Oppo,4,64,3,6,4450000
Xiaomi,8,256,2,7,14100000
Infinix,12,128,4,6,7200000
iPhone,4,64,5,5,5450000
Infinix,6,512,4,6,17550000
Xiaomi,6,128,1,6,9350000
Infinix,6,128,3,7,6850000
Xiaomi,6,64,0,6,7100000
iPhone,12,64,0,9,15200000
Oppo,4,256,2,5,12800000
Vivo,4,64,2,8,5600000
Samsung,4,256,3,7,13700000
Samsung,12,128,5,8,7600000
Xiaomi,8,256,0,7,17300000
Infinix,8,128,1,9,9900000
Oppo,8,256,0,7,18300000
Infinix,12,64,5,8,4150000
iPhone,12,256,2,9,19650000
Vivo,4,256,5,9,8000000
Vivo,8,128,0,5,11150000
Xiaomi,8,512,3,7,21250000
Samsung,4,64,5,8,5050000
Oppo,6,128,1,10,10350000
Oppo,4,256,1,7,14950000
Samsung,4,128,0,5,12250000
Xiaomi,8,256,5,7,8300000
Samsung,12,64,0,9,12400000
Vivo,4,512,3,6,19700000
Samsung,12,512,0,10,35400000
Oppo,12,256,0,9,19950000
Xiaomi,6,64,2,10,6300000
Oppo,4,128,3,9,7200000
iPhone,6,256,3,5,15350000
Oppo,12,256,3,7,13050000
Samsung,4,128,4,7,7100000
iPhone,6,64,2,7,11050000
Infinix,8,64,5,7,3750000
Vivo,6,256,3,8,12250000
Vivo,8,64,2,6,6650000
Vivo,6,256,2,5,13500000
Vivo,6,256,2,10,14650000
iPhone,6,64,4,10,7950000
Xiaomi,6,64,4,10,5050000
Vivo,12,256,5,9,9950000
Xiaomi,4,256,2,7,12800000
Vivo,8,256,2,5,13650000
Oppo,4,64,5,10,4150000
Vivo,6,64,1,5,6300000
Xiaomi,6,512,0,7,29750000
Infinix,12,128,0,6,11600000
iPhone,12,64,3,10,10700000
Oppo,12,128,3,7,8950000
Xiaomi,8,256,2,9,14750000
Xiaomi,6,256,0,5,16350000
Vivo,6,512,4,7,17850000
Xiaomi,12,64,5,5,4100000
Xiaomi,4,512,2,6,22550000
Oppo,6,128,0,9,11700000
Samsung,6,512,2,6,25500000
Samsung,8,256,4,5,11500000
Samsung,12,256,3,9,15100000
Xiaomi,12,256,4,9,11750000
Xiaomi,4,128,2,7,8050000
Oppo,8,128,5,10,6350000
Xiaomi,8,64,3,6,5300000
Oppo,6,512,4,7,17650000
iPhone,8,256,4,8,14250000
Xiaomi,12,256,2,5,14450000
Oppo,4,512,3,8,20750000
Vivo,12,512,2,6,24650000
Oppo,12,512,1,8,28550000
iPhone,6,128,2,9,13950000
Vivo,6,512,5,8,14900000
iPhone,12,512,5,6,18650000
Samsung,8,512,4,6,19600000
Vivo,6,256,5,8,8100000
Oppo,6,512,3,6,20450000
Infinix,4,128,5,10,4700000
Samsung,12,512,1,7,30850000
Oppo,12,256,2,7,15300000
Vivo,6,128,1,8,10000000
Infinix,8,512,5,10,15750000
Infinix,12,64,3,6,5700000
Xiaomi,12,256,0,5,18550000
Infinix,4,512,0,5,28650000
Xiaomi,12,128,1,7,10850000
Xiaomi,4,512,1,9,26250000
Samsung,4,512,2,8,26200000
Infinix,6,512,0,9,29400000
iPhone,8,64,5,7,7000000
Vivo,6,512,2,7,24200000
Infinix,6,512,5,9,14500000
Samsung,6,128,1,6,12300000
iPhone,6,512,5,6,17150000
Oppo,6,256,3,9,12850000
Xiaomi,12,128,0,9,13300000
Samsung,6,128,3,8,9700000
Oppo,6,64,0,5,7500000
iPhone,12,512,4,5,21600000
Xiaomi,4,128,3,9,7000000
Xiaomi,4,256,3,10,12300000
Xiaomi,8,256,0,6,17550000
Infinix,6,64,2,5,5200000
iPhone,8,256,5,10,12000000
iPhone,12,64,4,9,8950000
Samsung,8,64,3,6,7600000
Vivo,12,512,0,9,31800000
Vivo,8,512,0,8,31150000
Infinix,12,64,3,7,5650000
Samsung,8,256,4,8,12050000
Xiaomi,8,256,4,10,10650000
Vivo,6,256,4,10,10700000
Oppo,12,256,1,7,17350000
iPhone,6,128,3,8,11550000
Oppo,8,128,3,9,8000000
Vivo,12,256,2,6,15350000
Samsung,12,64,1,9,11100000
iPhone,6,64,0,8,13500000
Xiaomi,4,64,5,5,2250000
Oppo,6,512,2,9,24750000
Oppo,12,512,2,10,26300000
Samsung,12,128,0,7,15050000
Infinix,4,256,0,6,15950000
Xiaomi,12,512,1,6,28500000
iPhone,4,64,0,5,12650000
iPhone,12,256,3,7,16900000
Infinix,4,64,0,7,6750000
Vivo,4,64,0,9,7750000
iPhone,4,256,4,6,13200000
iPhone,6,128,5,9,8050000
Oppo,6,512,3,6,20650000
Vivo,6,128,2,6,8500000
iPhone,8,128,3,8,12150000
Oppo,8,64,3,9,5750000
Infinix,8,64,4,5,3500000
Oppo,6,512,4,5,18000000
Infinix,4,128,5,7,4750000
Xiaomi,12,128,1,8,10900000
Oppo,4,256,3,7,11550000
Xiaomi,12,64,2,8,7300000
Infinix,12,256,3,9,13450000
Infinix,12,256,2,5,13750000
Xiaomi,12,512,1,9,28550000
Xiaomi,6,256,3,6,11500000
Samsung,4,512,2,9,26050000
iPhone,12,512,1,8,33600000
Xiaomi,4,512,0,7,29100000
Xiaomi,8,256,4,5,10050000
iPhone,12,64,1,9,13850000
Infinix,6,512,0,10,30350000
Oppo,8,256,1,5,15950000
Infinix,6,256,4,8,9550000
Samsung,12,64,5,10,6000000
Infinix,8,64,0,9,7500000
Xiaomi,8,256,3,10,12250000
iPhone,4,512,2,7,28000000
Samsung,6,64,4,7,5750000
Infinix,6,128,5,6,4850000
Vivo,12,128,0,5,12200000
Vivo,12,128,4,8,7800000
iPhone,12,512,4,5,22050000
Infinix,4,64,0,10,6850000
Samsung,6,128,3,7,9650000
Vivo,4,256,4,8,9700000
Oppo,8,512,3,7,21600000
Xiaomi,8,128,1,10,10250000
Xiaomi,4,256,3,8,11300000
iPhone,12,64,0,8,15150000
Oppo,8,128,2,10,9650000
Oppo,8,128,3,7,7950000
Oppo,8,64,4,7,5200000
Samsung,4,256,5,5,8850000
Infinix,6,64,4,10,4700000
Vivo,4,64,3,5,4550000
Samsung,8,128,2,6,10700000
Xiaomi,12,128,5,9,6550000
Infinix,6,512,3,8,20450000
Infinix,6,512,4,5,17350000
Xiaomi,12,256,1,7,16850000
Infinix,6,512,1,9,26300000
iPhone,12,512,2,10,30200000
Vivo,6,256,3,6,11850000
Samsung,8,128,3,5,8950000
Samsung,6,256,2,5,15200000
Infinix,8,512,4,10,18000000
Vivo,8,512,4,9,18700000
Vivo,6,256,0,5,17200000
Oppo,12,512,4,10,20050000
Vivo,8,128,3,10,8750000
iPhone,8,256,5,6,11750000
iPhone,6,256,3,9,16300000
Infinix,8,64,2,6,5850000
iPhone,12,64,2,8,12500000
Samsung,4,64,1,5,8000000
Vivo,12,64,1,6,8450000
Oppo,12,512,0,6,32100000
Xiaomi,4,256,2,5,12600000
Infinix,6,256,1,5,14350000
Oppo,8,64,2,9,6700000
Vivo,12,256,3,10,14150000
Vivo,8,256,2,5,14150000
Oppo,6,64,2,8,6850000
Xiaomi,6,512,3,10,21150000
Xiaomi,8,256,0,7,17300000
Infinix,8,128,4,6,5500000
iPhone,8,64,3,9,10400000
Infinix,6,512,3,8,20150000
iPhone,4,128,2,9,12850000
Oppo,8,512,2,7,24400000
Oppo,6,128,4,8,6550000
iPhone,6,512,4,8,21000000
Vivo,12,256,2,7,15250000
iPhone,6,256,3,8,16550000
Oppo,6,256,5,9,8950000
Xiaomi,4,256,2,7,13000000
iPhone,12,512,3,8,26400000
Oppo,12,512,3,10,22650000
Xiaomi,6,128,0,9,10950000
Infinix,6,512,5,6,13650000
Xiaomi,4,128,3,9,7400000
Infinix,8,512,3,8,21050000
iPhone,4,128,2,8,12750000
Oppo,8,512,2,5,24250000
iPhone,6,256,0,9,23550000
Oppo,12,64,1,10,9050000
Infinix,4,512,5,5,13850000
Samsung,6,512,3,9,23500000
Infinix,8,256,3,5,10950000
Infinix,4,128,0,8,9500000
Infinix,8,64,2,7,5750000
iPhone,12,128,3,6,12500000
Vivo,8,128,0,10,12150000
Oppo,12,128,4,5,6950000
iPhone,4,256,5,10,11700000
iPhone,6,256,2,7,17900000
Oppo,6,128,5,6,4800000
Samsung,6,128,0,6,13900000
Samsung,6,128,2,7,10600000
Samsung,8,128,4,7,7900000
iPhone,12,128,2,5,14600000
Infinix,8,64,1,9,7000000
Samsung,6,128,3,10,9700000
Oppo,4,256,1,5,14750000
iPhone,4,64,5,5,5850000
Vivo,8,512,3,7,21600000
Infinix,8,512,4,8,17750000
Infinix,8,512,0,7,29800000
iPhone,6,128,5,7,7700000
Infinix,4,128,2,9,8000000
Infinix,6,256,0,5,16350000
Infinix,4,512,1,7,26050000
iPhone,4,512,0,10,35700000
Oppo,4,512,5,10,15050000
iPhone,12,512,5,9,18700000
Infinix,6,512,5,9,14250000
iPhone,6,256,2,5,17950000
Oppo,12,128,0,8,13250000
Samsung,8,128,0,7,14050000
Oppo,6,64,3,8,5500000
Oppo,4,512,5,7,14350000
Infinix,6,64,1,9,7000000
iPhone,8,256,2,9,18700000
Vivo,8,128,5,6,5700000
Oppo,12,256,2,5,15300000
Xiaomi,12,256,2,10,15350000
Oppo,6,256,0,7,17050000
Samsung,4,64,2,7,7550000
iPhone,8,64,3,5,9550000
Samsung,8,512,4,9,19850000
Oppo,8,64,4,9,4750000
iPhone,4,256,3,8,16100000
Infinix,12,64,3,7,5850000
Samsung,4,64,2,6,7750000
Oppo,8,128,1,6,10750000
iPhone,8,128,3,7,11400000
Samsung,4,512,0,9,32650000
Oppo,4,64,5,9,3600000
Xiaomi,4,128,3,9,6900000
Samsung,4,512,0,10,32500000
Vivo,4,512,4,7,16900000
Oppo,6,256,0,6,17650000
Vivo,12,64,5,10,5200000
Xiaomi,6,64,3,6,5250000
Samsung,12,256,2,10,18400000
Oppo,6,64,0,8,8200000
Vivo,6,64,1,8,7450000
Infinix,8,512,3,6,20800000
Infinix,8,256,0,7,17250000
Xiaomi,12,256,4,6,11300000
Samsung,8,64,0,9,11850000
Samsung,8,64,2,6,8550000
Oppo,12,64,2,6,7800000
Vivo,6,64,5,10,4550000
Oppo,8,128,5,5,4850000
Vivo,4,64,1,5,6250000
Xiaomi,12,512,4,5,18500000
Infinix,12,256,0,8,18400000
Xiaomi,6,64,1,5,6100000
Infinix,8,256,4,5,9900000
Samsung,6,64,3,5,6250000
Xiaomi,12,256,5,5,8500000
Infinix,6,64,2,6,4950000
Vivo,8,128,5,5,4900000
Infinix,8,256,1,8,15100000
iPhone,6,64,3,6,9300000
Vivo,8,512,0,8,30800000
Oppo,12,64,5,9,4450000
Infinix,6,256,3,6,10900000
Samsung,12,256,5,8,10600000
iPhone,4,64,2,6,9550000
Samsung,6,512,2,6,26350000
Oppo,12,512,2,9,26150000
Vivo,4,512,2,10,24400000
Xiaomi,8,512,1,6,26850000
Oppo,8,512,3,10,22450000
Xiaomi,12,512,5,5,14800000
Samsung,4,128,1,7,11600000
Xiaomi,4,128,2,7,8050000
Xiaomi,12,128,3,8,8300000
Oppo,4,256,3,10,11750000
Samsung,6,256,1,7,17550000
iPhone,6,512,1,7,32150000
Oppo,4,64,4,9,4850000
iPhone,12,64,4,6,8950000
Vivo,8,128,3,10,8500000
Xiaomi,6,512,5,10,15650000
Vivo,6,256,2,5,13500000
Infinix,8,256,3,6,11900000
Infinix,12,128,5,8,6050000
Oppo,6,128,4,7,6550000
Xiaomi,8,128,3,7,7200000
Xiaomi,4,256,4,7,9850000
iPhone,6,64,3,7,9100000
Samsung,6,512,0,10,33500000
Infinix,12,512,1,8,28600000
Oppo,4,512,5,5,14450000
Xiaomi,4,64,2,9,5850000
Xiaomi,8,128,1,5,9850000
Samsung,6,512,0,8,33500000
Samsung,12,512,0,9,35000000
iPhone,6,64,4,8,7650000
Samsung,4,256,0,6,19700000
Vivo,8,256,1,9,16300000
Oppo,4,512,0,7,30100000
iPhone,12,512,0,5,37050000
Infinix,12,512,1,7,28150000
Vivo,12,128,4,9,7500000
Infinix,4,128,0,6,9750000
Infinix,8,256,0,6,17150000
Samsung,4,512,3,9,22450000
Vivo,12,64,2,6,7200000
Samsung,8,128,1,7,12500000
Xiaomi,4,512,4,9,17250000
Samsung,4,256,2,8,15950000
iPhone,6,256,5,10,11600000
Infinix,8,256,0,8,16850000
Oppo,4,128,2,8,8750000
Samsung,12,256,3,10,16150000
Xiaomi,8,256,3,6,12350000
Oppo,12,512,5,6,15850000
Vivo,6,128,4,9,6500000
Samsung,12,64,4,6,6900000
Infinix,4,512,5,6,13400000
Xiaomi,4,128,3,7,6400000
Oppo,12,512,0,8,32750000
Vivo,8,64,4,5,4650000
Xiaomi,12,512,4,6,18800000
Infinix,8,64,3,8,5050000
Infinix,4,512,4,10,18000000
Xiaomi,6,256,0,9,17100000
iPhone,8,64,0,8,13800000
Infinix,12,256,1,7,16250000
Xiaomi,4,64,5,10,3950000
Infinix,8,512,1,6,26250000
Infinix,8,256,5,5,8050000
Xiaomi,8,64,2,7,6000000
iPhone,12,64,5,5,7000000
iPhone,4,512,2,6,27700000
Vivo,12,64,3,6,6700000
Xiaomi,4,64,5,6,3050000
iPhone,4,256,3,5,15500000
iPhone,12,512,0,9,37500000
Infinix,8,128,5,8,5200000
Infinix,12,512,3,9,21800000
Xiaomi,8,256,5,9,8450000
Samsung,6,128,1,7,12500000
Vivo,12,128,2,7,9700000
Xiaomi,4,64,2,7,5100000
Infinix,6,64,0,5,6600000
Vivo,6,512,5,8,15350000
Oppo,8,128,0,9,11750000
Oppo,4,256,0,10,17800000
Oppo,12,128,5,9,6150000
Vivo,12,128,5,10,7000000
iPhone,6,512,1,5,31450000
Samsung,4,256,5,6,9100000
Xiaomi,8,256,5,9,8900000
Oppo,6,256,0,9,17700000
Xiaomi,8,128,4,5,5850000
iPhone,12,128,2,7,14850000
Vivo,12,64,0,9,9850000
Vivo,8,128,3,5,7100000
Vivo,6,128,4,7,6300000
Oppo,12,512,4,10,19450000
Vivo,8,64,1,9,7450000
Vivo,8,128,4,6,6400000
Samsung,12,128,3,10,11600000
Xiaomi,6,512,1,5,25950000
Oppo,6,512,4,8,17900000
iPhone,4,64,0,9,13450000
Vivo,6,128,3,9,8250000
Samsung,12,64,2,8,10250000
Samsung,6,512,2,7,26450000
Xiaomi,6,256,0,5,16450000
Infinix,12,64,4,6,4300000
Infinix,4,256,4,10,10250000
Vivo,12,512,2,5,24500000
iPhone,6,256,0,7,23450000
Infinix,8,256,0,10,17700000
iPhone,8,128,5,9,8750000
Oppo,4,512,2,5,23050000
Vivo,4,128,4,6,5350000
Oppo,12,256,5,8,9600000
Infinix,4,512,0,10,29000000
iPhone,12,512,3,10,27000000
Oppo,8,64,4,7,4900000
iPhone,12,256,1,5,21550000
Vivo,6,128,3,7,7550000
Samsung,6,256,5,6,9000000
Oppo,4,64,1,9,6650000
Xiaomi,6,512,3,6,20450000
Samsung,12,256,5,6,10800000
Vivo,6,128,0,8,10600000
Oppo,8,256,3,9,13050000
Infinix,4,256,1,9,14200000
Infinix,8,64,0,10,8100000
iPhone,4,64,0,5,11900000
iPhone,6,256,2,8,18050000
Samsung,4,128,0,5,13050000
Samsung,4,512,1,7,29400000
Vivo,8,512,0,10,30750000
Xiaomi,4,256,0,10,17000000
Infinix,4,256,3,5,10150000
Oppo,6,512,0,8,30250000
iPhone,6,64,5,10,7300000
Infinix,12,512,0,10,31750000
Infinix,8,256,2,6,13200000
Vivo,12,256,4,5,10650000
iPhone,12,128,5,5,8650000
iPhone,12,256,2,8,19600000
Infinix,4,128,2,6,7650000
Oppo,8,128,2,6,9000000
Infinix,8,512,5,6,14200000
Xiaomi,12,64,5,7,4250000
Vivo,8,256,3,9,12600000
Infinix,8,128,1,5,9250000
Xiaomi,8,512,3,9,21700000
Vivo,6,512,2,7,23600000
Oppo,8,512,1,5,27200000
Infinix,12,256,3,7,12800000
Samsung,8,64,4,8,6600000
Vivo,6,64,5,10,4400000
Samsung,6,256,4,8,11650000
iPhone,8,128,2,7,13950000
Infinix,8,256,0,5,16250000
Xiaomi,4,256,3,7,11600000
Oppo,6,256,4,10,11000000
Oppo,12,256,3,8,13250000
Oppo,4,128,1,5,8850000
Oppo,12,256,5,6,9100000
Infinix,6,128,0,9,10900000
Infinix,12,512,2,8,25300000
Infinix,4,512,0,8,29400000
Infinix,12,512,5,10,16250000
Samsung,12,256,0,5,21800000
Vivo,6,128,3,7,6950000
Vivo,4,256,2,6,13300000
Infinix,4,64,3,6,4100000
iPhone,6,128,4,9,9650000
iPhone,12,256,3,10,18050000
Xiaomi,4,64,1,7,5850000
Samsung,6,512,1,8,29450000
Infinix,12,256,4,8,10500000
Oppo,8,128,2,5,9300000
Oppo,8,256,5,5,8250000
Samsung,4,64,0,6,9950000
Oppo,12,256,1,8,17800000
Samsung,6,128,1,5,11500000
Oppo,8,128,1,7,10750000
Infinix,4,256,3,8,10850000
Infinix,12,256,1,5,16300000
Oppo,8,64,5,7,3700000
Infinix,8,128,2,7,8050000
Vivo,8,64,4,8,5150000
Vivo,8,512,0,8,30300000
Oppo,6,128,4,7,6850000
Oppo,12,512,4,10,19550000
Vivo,12,512,3,8,22150000
Vivo,8,128,2,10,9600000
Xiaomi,12,256,1,6,16400000
iPhone,6,512,3,8,25200000
iPhone,12,512,2,5,29900000
Infinix,6,128,5,8,5150000
Xiaomi,4,512,5,9,15050000
Vivo,6,64,1,8,7200000
Xiaomi,12,256,1,7,17350000
iPhone,12,64,1,10,14600000
Xiaomi,8,512,3,6,20500000
Oppo,8,128,1,10,11350000
Infinix,6,256,2,7,13550000
Xiaomi,8,128,5,8,5150000
Samsung,8,128,1,9,12850000
Oppo,4,64,1,7,6100000
Samsung,6,64,2,10,8900000
Xiaomi,4,128,0,10,10450000
iPhone,4,64,1,10,12500000
Vivo,12,128,0,7,12750000
Infinix,12,512,2,7,24900000
Infinix,8,128,0,7,11050000
Oppo,8,64,4,6,4950000
Oppo,6,256,0,10,18450000
Samsung,4,512,5,10,16800000
Samsung,4,128,0,6,12850000
Samsung,6,64,5,9,5150000
Xiaomi,12,256,4,7,10700000
iPhone,12,256,1,9,22950000
Xiaomi,12,128,0,7,12750000
Infinix,4,128,3,8,7000000
iPhone,8,256,4,6,13750000
Infinix,4,128,4,6,4900000
iPhone,12,256,5,8,12000000
Vivo,4,512,2,7,23250000
Oppo,4,128,1,6,9300000
Xiaomi,8,512,5,5,14500000
Infinix,12,64,0,5,8350000
Infinix,4,64,5,6,2500000
Infinix,4,256,3,8,11250000
Samsung,8,64,4,8,6200000
Vivo,6,64,3,8,5500000
Xiaomi,8,256,2,10,14600000
Samsung,4,256,1,6,17200000
Vivo,12,128,4,5,7150000
Infinix,8,512,1,8,27300000
Xiaomi,12,256,3,7,13450000
Samsung,8,64,2,6,8600000
Xiaomi,4,256,3,6,11000000
iPhone,4,256,4,7,12700000
Vivo,12,512,3,5,21650000
Samsung,8,128,0,6,14150000
Vivo,12,512,2,10,25600000
Xiaomi,12,256,1,9,17350000
Xiaomi,6,128,3,10,8050000
iPhone,12,64,1,7,13950000
Oppo,4,256,3,8,12300000
Infinix,4,256,3,9,11650000
Infinix,4,256,4,10,9500000
Oppo,4,256,2,9,13600000
Oppo,12,128,1,8,11300000
Oppo,4,64,1,6,6700000
Infinix,12,128,4,5,6100000
Infinix,12,256,3,9,12600000
Samsung,6,64,0,6,10350000
Xiaomi,12,128,0,6,12350000
iPhone,4,256,1,9,20700000
Xiaomi,6,256,5,6,8450000
iPhone,6,256,1,5,20300000
Xiaomi,12,256,0,9,19050000
Infinix,12,256,4,8,10450000
iPhone,4,512,4,5,20200000
Oppo,6,512,1,8,27300000
Vivo,6,64,3,8,4950000
Xiaomi,8,64,4,10,5650000
Oppo,6,256,5,10,9250000
Vivo,6,128,3,7,7550000
Vivo,6,256,2,8,14200000
Xiaomi,6,256,2,6,13600000
Vivo,6,512,3,10,21050000
Xiaomi,8,64,1,8,6950000
Xiaomi,8,128,1,8,10500000
iPhone,6,128,2,10,13600000
Oppo,8,64,0,9,8850000
Oppo,6,64,1,10,7550000
iPhone,4,512,4,7,20500000
Infinix,6,128,5,6,4700000
Vivo,4,256,3,8,11150000
Oppo,12,512,1,8,28850000
iPhone,4,128,4,8,9950000
Vivo,6,512,4,8,18100000
Vivo,12,128,0,10,12850000
Samsung,12,64,1,8,10900000
Samsung,6,256,2,6,16100000
iPhone,8,128,0,8,17600000
Infinix,8,256,0,8,17600000
Vivo,6,128,4,7,5850000
iPhone,4,128,3,9,11800000
Oppo,4,256,3,8,11550000
Vivo,8,256,0,6,17600000
Infinix,12,128,1,9,11250000
iPhone,12,128,0,9,18700000
iPhone,4,512,4,9,21250000
Vivo,4,512,2,5,23350000
iPhone,6,64,4,6,7200000
iPhone,6,128,1,6,14300000
Vivo,12,256,2,9,15700000
Samsung,8,256,0,10,21650000
Vivo,6,64,4,7,4550000
Oppo,4,256,5,6,8100000
iPhone,6,128,5,7,8100000
Samsung,12,512,1,7,30950000
Xiaomi,6,64,5,10,4400000
Infinix,12,512,1,5,27500000
iPhone,12,128,1,6,16450000
iPhone,12,64,5,9,7700000
Samsung,8,128,3,10,10500000
Infinix,6,256,4,7,10000000
Samsung,12,64,1,6,11050000
Xiaomi,6,512,5,10,15100000
Xiaomi,12,128,0,10,13050000
iPhone,4,256,1,8,20300000
Xiaomi,12,512,5,7,15300000
Xiaomi,12,128,3,7,8900000
Vivo,4,64,3,9,5000000
Samsung,8,256,1,8,18750000
Vivo,6,256,2,7,13350000
Samsung,12,512,3,9,24350000
Infinix,8,512,1,5,26350000
Samsung,8,256,2,6,15750000
Samsung,8,128,0,8,14050000
Vivo,8,512,1,5,26850000
Xiaomi,6,512,5,9,15450000
iPhone,4,512,5,5,16500000
Oppo,8,256,4,6,9950000
iPhone,8,512,3,10,25850000
Xiaomi,6,128,1,9,10350000
Vivo,6,64,0,9,8200000
Samsung,12,512,1,9,31750000
Samsung,6,512,4,6,19200000
Vivo,6,512,1,5,26250000
Vivo,12,512,4,8,18850000
Infinix,4,64,5,10,3100000
Oppo,6,128,2,8,8750000
Infinix,8,64,5,6,2800000
Vivo,4,128,2,8,7750000
Oppo,12,128,0,10,13500000
iPhone,8,512,4,5,21400000
Vivo,12,512,3,7,22100000
Oppo,4,128,1,5,9150000
Vivo,12,128,0,10,13000000
Samsung,6,128,2,9,11250000
Xiaomi,6,512,0,5,28950000
Xiaomi,12,512,2,10,25400000
Xiaomi,6,512,0,6,29300000
Xiaomi,12,256,5,8,9400000
Infinix,4,256,0,7,15950000
Oppo,8,64,1,9,8450000
Oppo,6,256,3,10,13150000
Xiaomi,12,64,1,7,8350000
iPhone,4,128,2,10,13700000
Infinix,4,128,0,6,9350000
Xiaomi,8,512,4,7,18300000
iPhone,4,64,3,8,8750000
Vivo,12,128,2,8,9950000
Vivo,4,512,5,5,14500000
Samsung,4,128,4,7,7550000
iPhone,6,256,3,7,16050000
Vivo,4,512,1,7,26800000
iPhone,6,256,1,10,20750000
Oppo,12,512,5,8,16200000
Infinix,6,512,4,5,16700000
Samsung,4,512,5,8,15700000
iPhone,4,128,3,8,11600000
iPhone,8,64,4,10,8250000
Samsung,8,64,1,6,9650000
Infinix,12,256,3,10,13600000
Samsung,6,512,4,8,19850000
Infinix,8,512,1,10,27200000
Vivo,4,256,2,7,13100000
Infinix,4,128,4,8,5800000
Infinix,8,512,4,10,18400000
Samsung,4,512,4,10,19950000
Vivo,8,128,3,7,7950000
Infinix,8,256,2,7,13600000
iPhone,4,256,3,6,14800000
Vivo,6,256,0,10,18100000
Samsung,6,256,3,6,14000000
Vivo,8,512,5,6,14800000
Xiaomi,6,128,4,10,7200000
iPhone,6,256,1,10,20950000
Infinix,8,256,0,6,17000000
Vivo,12,128,5,7,6000000
Xiaomi,4,64,1,8,5850000
Samsung,12,128,2,9,13050000
iPhone,4,64,2,9,10600000
iPhone,6,64,2,9,10750000
Xiaomi,12,512,0,6,31250000
Infinix,6,256,0,10,17350000
Vivo,4,256,1,5,14300000
Vivo,8,64,1,9,8050000
Oppo,4,512,2,5,22950000
Infinix,6,128,1,10,9650000
Samsung,12,512,1,6,31300000
Infinix,4,512,4,8,17450000
Xiaomi,6,256,3,8,12250000
iPhone,4,256,4,6,13100000
Vivo,8,512,2,8,24250000
Vivo,4,256,0,5,16700000
iPhone,4,512,5,8,17650000
Oppo,12,128,3,8,9450000
iPhone,4,64,4,10,7950000
Vivo,6,256,4,6,9650000
Vivo,12,64,3,7,6200000
Infinix,8,128,0,8,11000000
iPhone,8,64,1,9,12700000
Oppo,8,64,3,7,6000000
Oppo,6,256,3,7,12200000
Infinix,4,128,1,8,8350000
Samsung,6,512,1,8,29250000
Vivo,12,64,4,8,5950000
Oppo,8,512,2,5,24000000
Vivo,8,64,2,9,7150000
iPhone,6,512,1,9,33000000
iPhone,6,512,3,10,25850000
Vivo,12,64,5,5,3850000
Xiaomi,4,128,2,9,7850000
Samsung,4,64,2,10,8700000
Samsung,4,128,5,7,6450000
Xiaomi,4,64,1,9,6500000
Xiaomi,6,128,5,10,5500000
Xiaomi,8,128,4,9,7150000
Samsung,12,512,0,9,35250000
Oppo,12,128,2,7,10000000
Oppo,4,128,5,9,5600000
Xiaomi,4,256,2,5,12600000
Oppo,12,128,1,6,11550000
Samsung,12,128,4,8,8900000
Samsung,4,128,1,6,11200000
Infinix,4,64,1,7,5900000
Xiaomi,4,256,0,7,16500000
Xiaomi,12,256,0,6,18900000
Oppo,6,128,4,7,6300000
Oppo,4,64,3,10,6000000
Oppo,6,128,3,9,8500000
iPhone,4,512,1,8,31850000
Xiaomi,12,128,4,8,7700000
Samsung,6,128,2,5,10100000
iPhone,8,64,4,6,7800000
Samsung,6,64,4,6,5700000
iPhone,12,512,4,6,22200000
Vivo,6,128,1,6,9250000
iPhone,4,128,3,9,11600000
Vivo,8,256,4,7,10700000
Oppo,12,128,1,7,11600000
iPhone,4,64,4,5,6900000
Infinix,4,128,5,6,4200000
Infinix,8,512,5,10,15650000
iPhone,8,256,2,9,18850000
Xiaomi,4,128,4,5,5600000
iPhone,12,128,1,5,15950000
Infinix,8,64,5,6,3550000
Oppo,8,64,5,6,3400000
Vivo,8,256,5,7,8800000
iPhone,12,128,5,5,8150000
Xiaomi,12,128,3,7,8150000
Vivo,8,256,0,6,17150000
Vivo,12,128,3,10,9300000
iPhone,8,128,2,6,13350000
Oppo,12,128,3,8,8700000
Samsung,6,64,5,10,5750000
Xiaomi,4,256,4,6,8950000
Infinix,12,256,0,5,17950000
Infinix,8,128,4,9,6600000
Vivo,6,128,0,7,11000000
Oppo,6,512,3,10,22100000
Samsung,4,256,5,8,9950000
iPhone,12,128,4,7,10550000
Vivo,6,512,1,6,27000000
Samsung,4,256,5,5,9000000
Xiaomi,4,512,0,10,29350000
Samsung,6,256,0,6,20150000
iPhone,6,256,1,5,20700000
Xiaomi,6,128,2,7,8800000
Samsung,8,256,1,10,18900000
Vivo,12,64,3,9,7100000
iPhone,12,256,2,7,19800000
Vivo,12,256,1,10,17900000
Oppo,12,128,2,8,10400000
iPhone,12,512,4,10,23300000
Samsung,12,256,2,8,17700000
Infinix,6,256,2,10,13200000
Vivo,6,256,0,10,17650000
Xiaomi,8,128,5,8,5150000
Samsung,12,64,0,8,12850000
Oppo,4,128,2,6,8300000
Oppo,12,256,0,6,18950000
Xiaomi,4,256,5,5,7250000
iPhone,4,256,4,10,14150000
Xiaomi,12,256,1,8,17200000
Samsung,12,256,3,6,14550000
Samsung,4,128,0,7,13000000
Xiaomi,12,128,3,10,8950000
Samsung,4,512,0,5,32200000
iPhone,12,256,4,8,14950000
Samsung,8,128,2,7,11650000
Samsung,4,256,0,9,20100000
iPhone,8,256,1,8,21300000
Xiaomi,12,512,3,9,22300000
iPhone,12,256,1,8,22300000
Oppo,6,512,3,7,20600000
Samsung,4,512,0,6,32150000
iPhone,12,128,1,5,15800000
Samsung,12,512,1,6,30500000
Samsung,12,256,5,7,10450000
Oppo,4,64,4,10,4400000
Xiaomi,4,256,3,6,10650000
Xiaomi,12,64,1,6,8050000
Samsung,6,512,0,5,32200000
iPhone,8,64,5,9,7600000
Xiaomi,4,512,3,5,20050000
Infinix,12,128,4,6,6800000
Oppo,8,128,2,6,8850000
Infinix,8,128,0,7,10500000
Oppo,4,256,5,7,8450000
Infinix,8,256,0,9,17550000
Oppo,6,64,0,5,7650000
Oppo,12,64,2,6,7100000
Samsung,6,128,2,10,11600000
iPhone,12,64,1,6,13350000
Vivo,12,512,2,7,25700000
Vivo,8,64,5,8,4100000
Oppo,8,256,3,10,13000000
Samsung,12,512,4,5,20150000
iPhone,6,128,5,6,7900000
Samsung,8,64,1,5,9300000
Xiaomi,6,512,0,7,29350000
Xiaomi,8,256,3,8,12800000
Vivo,12,64,0,9,10050000
Xiaomi,8,64,2,5,6300000
Oppo,12,512,3,7,21950000
Samsung,6,512,2,10,26950000
Xiaomi,12,128,3,10,9350000
Infinix,12,256,5,10,9100000
Infinix,8,128,0,10,11800000
iPhone,12,512,3,7,26600000
Oppo,6,256,1,7,16050000
Xiaomi,4,64,5,6,3400000
Oppo,8,128,2,5,9300000
iPhone,8,128,5,5,8300000
Infinix,12,128,0,6,12050000
Samsung,12,128,2,6,12100000
Samsung,6,512,1,6,29550000
Xiaomi,4,64,2,9,5650000
Oppo,4,64,2,7,5450000
Oppo,8,64,0,8,8800000
Samsung,12,512,1,5,30300000
Xiaomi,6,512,1,7,27000000
Xiaomi,12,256,2,5,15000000
Vivo,4,64,4,6,3900000
Samsung,4,256,0,5,19300000
Oppo,6,64,1,6,7250000
Vivo,8,64,4,10,5600000
Xiaomi,8,64,5,10,4150000
Vivo,12,128,1,9,11600000
Vivo,6,512,2,6,24000000
Xiaomi,6,128,4,7,5950000
Vivo,4,128,1,6,8750000
Infinix,12,256,0,8,18250000
Samsung,4,512,5,5,15200000
Infinix,4,512,5,8,14300000
Oppo,4,512,1,8,27350000
Samsung,12,512,0,8,34600000
Samsung,8,256,1,5,18500000
Oppo,8,128,3,9,8900000
Vivo,8,512,5,5,14150000
Vivo,12,512,0,6,31200000
Xiaomi,12,256,3,6,13250000
iPhone,12,512,5,6,18400000
Oppo,4,512,1,10,27700000
Infinix,8,64,2,10,6350000
Oppo,4,128,0,8,10350000
iPhone,12,256,2,9,20050000
Oppo,6,64,4,6,4550000
Infinix,8,64,5,10,3700000
Oppo,4,512,5,7,14850000
Oppo,12,256,5,6,9100000
Oppo,12,512,0,10,32550000
Xiaomi,8,64,0,8,7750000
Xiaomi,8,512,3,5,20400000
Samsung,8,128,0,7,13850000
Vivo,12,512,4,8,19100000
Infinix,4,64,5,5,2500000
Infinix,4,512,4,9,17450000
Oppo,12,512,5,8,16200000
Vivo,6,64,2,9,6450000
Infinix,8,128,4,7,6300000
Xiaomi,4,512,3,10,21350000
Infinix,12,256,0,10,19350000
Samsung,12,256,0,8,22150000
iPhone,12,128,4,10,11550000
Infinix,12,64,2,8,6550000
Samsung,4,512,1,9,29150000
Infinix,12,64,0,8,8800000
iPhone,4,64,4,10,7650000
Vivo,8,64,2,7,6100000
Vivo,12,128,5,7,5600000
Oppo,6,64,1,10,7800000
Samsung,6,64,2,8,8150000
Infinix,8,512,5,6,14300000
Vivo,6,256,0,5,16700000
Infinix,6,256,1,8,14850000
Samsung,4,256,1,10,17800000
Infinix,6,128,0,8,9900000
Samsung,8,256,5,8,10050000
Vivo,6,256,5,7,7950000
Samsung,4,512,1,5,28200000
Oppo,6,512,5,8,15450000
Xiaomi,6,512,4,8,18200000
Infinix,6,256,2,7,12600000
Vivo,6,512,5,5,14400000
iPhone,4,256,2,6,17300000
Samsung,8,128,4,6,8200000
Oppo,8,512,5,9,15100000
iPhone,4,256,0,6,22650000
Infinix,6,512,3,5,20200000
Infinix,12,512,4,10,19450000
Infinix,6,256,2,6,12400000
Oppo,6,128,3,10,8250000
Samsung,6,128,5,9,7300000
Vivo,12,256,0,8,18900000
Oppo,8,64,0,10,8650000
Samsung,6,64,3,8,7000000
iPhone,6,512,5,7,18050000
iPhone,6,512,3,10,25850000
Samsung,8,64,3,5,7250000
Oppo,6,64,3,8,5800000
Xiaomi,6,512,3,10,20900000
Infinix,8,128,0,5,10150000
Infinix,6,512,1,9,27200000
Infinix,12,512,4,5,17850000
Oppo,8,128,4,8,7200000
Infinix,8,512,0,9,29850000
Infinix,8,64,5,8,3850000
Samsung,12,512,1,8,31300000
iPhone,4,512,4,6,21200000
Vivo,4,256,5,9,8550000
Vivo,4,64,2,7,5750000
iPhone,6,64,3,9,9800000
Samsung,6,64,5,7,5400000
Samsung,6,128,3,8,9450000
Vivo,8,64,0,7,8450000
Xiaomi,4,64,4,7,4000000
Samsung,4,512,1,5,28400000
iPhone,4,64,2,8,10600000
iPhone,12,64,1,10,14600000
Vivo,4,256,5,5,8050000
Xiaomi,8,512,0,8,30200000
iPhone,12,256,0,10,25550000
Vivo,4,512,4,5,17450000
Xiaomi,12,512,0,5,31450000
iPhone,4,512,1,7,31350000
Samsung,8,512,0,10,34500000
Xiaomi,12,512,2,5,24750000
Xiaomi,12,64,2,8,7800000
Oppo,6,512,5,5,14800000
Infinix,6,128,0,6,10400000
iPhone,6,128,3,8,11200000
Oppo,6,64,5,5,3650000
Infinix,6,128,2,6,8050000
Infinix,6,64,2,6,4900000
iPhone,4,512,0,10,35650000
Xiaomi,8,512,0,10,30500000
Oppo,12,512,1,8,28550000
Vivo,8,256,5,7,8400000
Vivo,8,128,4,7,6950000
iPhone,12,64,4,10,9400000
Vivo,12,256,4,7,11350000
iPhone,8,64,2,8,11350000
Samsung,12,512,1,6,31100000
Vivo,6,512,2,5,23100000
Samsung,4,64,0,6,10050000
Oppo,4,512,4,7,17150000
Infinix,6,128,4,10,6500000
iPhone,4,512,1,5,31350000
Infinix,8,64,3,8,4900000
Infinix,12,256,1,10,17400000
iPhone,6,64,4,8,7750000
Xiaomi,6,512,2,9,24100000
Xiaomi,4,64,1,9,6000000
iPhone,12,256,2,9,20600000
Xiaomi,4,256,1,8,15150000
iPhone,6,128,0,9,17350000
Infinix,4,128,1,8,9050000
Oppo,12,64,3,9,7050000
Oppo,6,512,1,5,26400000
Vivo,8,512,5,9,15500000
Samsung,6,512,0,7,32650000
Vivo,4,64,1,8,6950000
Xiaomi,4,64,5,10,4050000
iPhone,4,128,1,10,15350000
Infinix,6,512,1,7,26650000
Oppo,12,64,0,5,9700000
Samsung,4,128,5,9,6950000
iPhone,12,64,5,6,6750000
Infinix,12,128,0,7,11700000
Infinix,8,256,3,7,11600000
Samsung,6,512,2,7,26450000
Oppo,8,64,0,6,8500000
iPhone,4,128,4,6,9550000
Vivo,6,256,5,8,8950000
Samsung,4,128,2,9,10300000
Xiaomi,12,512,0,7,31400000
Samsung,6,128,3,10,10000000
Samsung,12,512,4,6,20300000
Samsung,6,64,1,5,8450000
Samsung,12,128,1,6,13750000
Oppo,4,128,2,10,9300000
iPhone,4,256,0,10,22650000
Infinix,6,256,4,5,9250000
iPhone,6,64,2,10,11650000
Oppo,4,128,2,7,8150000
iPhone,8,512,3,10,25650000
iPhone,8,128,5,5,8200000
iPhone,4,512,3,10,24750000
Xiaomi,12,512,3,5,21250000
iPhone,12,128,3,5,12100000
Oppo,6,512,0,8,30100000
Vivo,8,512,5,5,14850000
iPhone,12,128,0,10,19150000
iPhone,12,64,3,6,10550000
iPhone,4,512,1,8,31750000
Oppo,4,256,3,10,11800000
Oppo,4,128,3,7,7150000
Vivo,8,256,3,8,12550000
iPhone,4,64,4,5,6850000
Infinix,12,64,1,10,8700000
Samsung,6,64,4,6,5650000
Samsung,8,64,4,8,6600000
Samsung,8,512,5,5,16250000
Infinix,12,512,3,7,21400000
Infinix,8,128,0,9,11050000
Samsung,6,256,3,9,14100000
Infinix,8,128,3,10,7950000
Samsung,6,256,2,9,16300000
Oppo,6,128,2,6,8800000
Oppo,6,512,4,7,18200000
Vivo,8,64,0,10,9000000
Oppo,4,64,0,8,7300000
iPhone,6,256,0,7,23400000
Xiaomi,12,256,0,6,18150000
Samsung,8,128,4,6,8200000
Xiaomi,8,512,5,5,14450000
Vivo,8,64,5,7,3500000
iPhone,12,128,5,7,8600000
Xiaomi,4,64,1,8,6350000
iPhone,6,512,5,7,17250000
Infinix,6,64,5,6,2800000
Oppo,12,256,1,8,17900000
Samsung,8,128,3,5,9600000
iPhone,6,512,4,6,21100000
Oppo,8,512,0,8,30900000
iPhone,4,64,1,8,11550000
iPhone,12,256,1,5,22000000
iPhone,6,512,2,8,28400000
Oppo,4,64,2,5,5000000
Oppo,8,512,1,10,28350000
Infinix,4,128,5,7,4750000
iPhone,4,64,2,8,10400000
Samsung,12,512,3,6,23800000
iPhone,8,128,3,7,11800000
Xiaomi,6,512,4,7,17700000
Xiaomi,4,128,1,6,8950000
Vivo,6,128,3,8,7650000
Infinix,4,256,4,9,9300000
Infinix,4,512,1,6,25200000
Samsung,8,64,0,9,11250000
Samsung,6,512,0,7,32950000
iPhone,4,256,4,8,13850000
Xiaomi,6,128,2,10,9150000
Xiaomi,8,128,5,8,5000000
Xiaomi,12,512,3,6,21400000
Infinix,6,64,4,5,3050000
Vivo,6,128,4,9,7050000
Samsung,4,256,2,6,15400000
Xiaomi,12,128,0,9,12800000
Samsung,8,128,1,8,12700000
Oppo,12,128,2,9,10450000
Vivo,12,256,0,6,18500000
Samsung,6,128,3,10,9800000
Vivo,12,256,5,7,8850000
iPhone,8,128,3,5,11400000
Xiaomi,6,256,2,7,13250000
Xiaomi,6,64,3,10,6050000
Xiaomi,8,256,0,6,17450000
Infinix,4,512,2,9,23000000
iPhone,12,256,3,7,16700000
Samsung,6,512,4,9,20300000
Infinix,12,128,4,5,6050000
Oppo,6,512,5,10,15650000
Xiaomi,4,64,4,7,3750000
Samsung,8,128,1,9,12650000
iPhone,12,64,4,7,8800000
Samsung,8,64,5,10,6200000
Xiaomi,8,64,5,8,4050000
iPhone,8,512,0,10,37200000
Vivo,8,256,4,5,9600000
Infinix,4,64,5,9,2800000
iPhone,4,512,2,10,28750000
Xiaomi,4,256,4,9,10000000
Vivo,8,512,2,9,24700000
Infinix,8,512,0,9,30550000
iPhone,8,512,0,6,36400000
Xiaomi,8,128,4,10,7400000
Oppo,8,256,1,10,17150000
Vivo,6,64,1,7,7100000
Xiaomi,6,64,5,9,3700000
iPhone,12,512,4,5,21750000
Oppo,6,512,5,5,14050000
Oppo,8,64,1,7,7250000
Xiaomi,4,128,4,7,6100000
Infinix,6,512,3,6,19800000
Samsung,6,64,2,9,8950000
iPhone,6,256,2,7,18250000
Xiaomi,8,64,2,7,6700000
Samsung,6,128,2,8,11000000
iPhone,8,64,2,7,10650000
Oppo,6,256,5,10,8600000
iPhone,8,256,0,10,24250000
Vivo,8,256,3,6,12150000
Samsung,4,64,3,9,7200000
iPhone,6,256,0,9,23800000
Oppo,8,128,0,9,11850000
Infinix,4,128,1,6,8150000
Samsung,6,512,3,6,22750000
Infinix,6,256,3,6,11650000
iPhone,12,128,1,8,16750000
Infinix,8,64,5,8,3850000
Oppo,12,512,1,9,28900000
Vivo,8,256,1,9,16650000
iPhone,8,256,2,5,18450000
Vivo,12,64,0,7,9600000
Vivo,4,256,1,5,14200000
Samsung,4,128,1,10,11950000
iPhone,6,128,0,9,17000000
Xiaomi,12,128,4,7,6850000
Oppo,8,256,1,10,16850000
Xiaomi,8,128,1,7,10100000
Xiaomi,4,64,1,5,5200000
Xiaomi,4,64,4,10,4550000
Oppo,8,512,0,8,30900000
Oppo,12,64,0,10,10200000
Oppo,8,512,0,7,31250000
Xiaomi,12,256,3,10,13300000
Infinix,6,128,2,6,7400000
Oppo,4,256,3,10,12650000
Vivo,4,64,5,7,3050000
iPhone,4,64,3,10,8950000
Infinix,4,128,1,6,8150000
Vivo,4,64,1,7,6300000
iPhone,8,128,4,7,10000000
Xiaomi,6,256,0,5,16200000
iPhone,4,64,5,5,5500000
Samsung,12,512,0,7,34350000
iPhone,6,256,0,6,22600000
Infinix,12,512,4,10,18600000
Infinix,8,512,3,5,20000000
Vivo,8,64,4,10,5450000
iPhone,12,64,1,8,13300000
Oppo,12,128,3,6,8350000
Oppo,8,512,1,8,27850000
iPhone,4,512,5,8,17250000
Samsung,12,256,1,10,20300000
Vivo,4,128,1,8,8850000
Infinix,8,512,5,10,15600000
iPhone,12,512,5,7,18800000
Vivo,12,64,0,10,9850000
Oppo,12,64,3,9,6750000
Samsung,12,256,4,8,13450000
Oppo,4,64,2,8,6300000
Infinix,8,128,5,6,4750000
Infinix,6,256,4,7,9300000
Oppo,8,64,0,7,8100000
iPhone,8,128,0,8,17200000
Vivo,6,64,5,8,3800000
iPhone,4,128,0,6,16050000
Vivo,4,512,5,10,15300000
Vivo,12,128,3,6,8000000
Vivo,12,512,4,5,18850000
Infinix,6,64,4,7,3500000
Samsung,6,256,0,6,19600000
Infinix,4,128,4,9,6000000
Xiaomi,8,256,5,8,8500000
Vivo,12,64,4,9,5450000
iPhone,6,256,5,7,11650000
Infinix,8,64,5,5,3150000
iPhone,4,256,4,7,13050000
Infinix,4,64,3,7,3950000
Oppo,8,256,5,6,8150000
iPhone,12,256,3,8,17700000
Vivo,8,256,0,8,17900000
Oppo,8,512,5,6,15050000
iPhone,8,128,3,5,11150000
Xiaomi,12,512,5,8,16100000
Infinix,6,128,5,9,5000000
Samsung,4,512,5,9,16300000
Oppo,12,256,0,5,18400000
Samsung,6,128,5,7,6800000
Samsung,12,64,5,7,6000000
Vivo,4,512,3,10,21450000
Xiaomi,6,512,0,9,29700000
Xiaomi,6,128,1,8,9400000
Infinix,6,128,0,8,10650000
Xiaomi,4,64,5,9,3500000
Oppo,8,256,5,8,8500000
Oppo,6,256,5,9,9300000
Samsung,6,128,2,10,11850000
Infinix,4,128,0,9,10350000
Oppo,8,256,0,7,18450000
Oppo,8,128,5,8,6150000
Infinix,12,512,1,5,27150000
Vivo,12,64,3,9,6750000
Xiaomi,6,512,0,6,29300000
iPhone,8,128,4,7,10500000
Infinix,4,512,0,9,28900000
iPhone,12,64,5,7,7400000
Vivo,6,64,3,7,5350000
iPhone,4,128,2,9,13300000
Xiaomi,6,64,5,5,2750000
Vivo,4,64,2,6,5450000
Samsung,8,64,4,7,6800000
iPhone,8,64,5,5,6550000
Vivo,6,256,5,9,9150000
iPhone,6,256,3,9,16250000
Infinix,4,64,4,5,2950000
iPhone,12,256,4,8,14600000
Xiaomi,12,64,5,5,3850000
Samsung,4,256,4,5,10650000
Samsung,6,128,4,7,7750000
Oppo,4,256,4,5,9200000
Vivo,4,512,4,6,17400000
Xiaomi,8,128,4,7,6150000
Samsung,12,256,1,6,18900000
Infinix,12,512,4,5,17650000
Xiaomi,6,64,2,9,6550000
Vivo,4,64,3,7,4850000
Oppo,6,512,1,9,27950000
Xiaomi,6,512,5,8,14350000
iPhone,8,128,5,6,8550000
Xiaomi,12,64,0,10,9650000
Infinix,8,512,0,9,30200000
Samsung,12,512,0,7,34350000
Infinix,4,256,1,6,13800000
Xiaomi,4,128,3,7,7150000
Xiaomi,12,256,0,10,19200000
Xiaomi,8,128,1,7,9700000
Oppo,12,64,1,6,8350000
Xiaomi,6,128,5,6,5050000
Samsung,12,512,5,9,17750000
Infinix,6,64,4,5,3700000
Samsung,12,128,0,6,15600000
iPhone,12,256,1,8,22600000
Oppo,4,128,2,10,8650000
Xiaomi,8,512,4,5,17850000
Infinix,12,256,3,5,12400000
Oppo,8,512,5,5,14750000
iPhone,4,128,3,7,11050000
iPhone,8,256,3,7,16100000
Xiaomi,12,256,4,6,10700000
Xiaomi,12,512,3,10,22700000
Infinix,8,256,3,7,11450000
iPhone,4,256,0,7,22700000
Infinix,12,512,2,6,24450000
iPhone,4,64,3,9,9550000
Infinix,4,64,4,5,2750000
Oppo,8,64,2,5,5950000
Samsung,12,512,0,10,35550000
Xiaomi,6,256,4,10,10850000
Samsung,8,64,3,6,6900000
Samsung,6,512,3,5,22150000
Vivo,6,64,2,5,5950000
Xiaomi,4,64,5,10,3700000
iPhone,12,256,2,9,20100000
Vivo,8,64,3,9,5750000
Vivo,8,512,2,10,25250000
Xiaomi,4,128,4,7,5700000
Samsung,4,256,3,5,12800000
Infinix,12,256,0,7,18700000
Vivo,4,512,3,9,20300000
Oppo,12,256,4,6,10700000
Samsung,12,512,0,9,35350000
Infinix,12,64,0,9,8850000
Vivo,8,64,0,9,8200000
iPhone,4,128,4,5,9000000
Vivo,4,256,5,8,7800000
Xiaomi,8,64,1,5,6950000
Xiaomi,4,64,5,8,3450000
Samsung,8,256,3,6,14450000
Oppo,4,64,2,8,6300000
Samsung,6,128,5,10,6950000
Vivo,6,256,4,6,9600000
iPhone,4,128,5,6,7050000
iPhone,4,512,2,8,27900000
Oppo,4,256,5,7,8150000
Samsung,8,512,1,9,30500000
Samsung,12,512,2,5,27200000
Oppo,8,256,0,8,18150000
iPhone,6,512,3,5,24150000
Samsung,8,256,4,8,12700000
Samsung,8,512,1,7,30000000
iPhone,8,64,5,10,7100000
Samsung,6,256,0,6,19850000
Oppo,12,256,4,7,11250000
Samsung,12,128,3,9,11250000
iPhone,6,512,3,10,25200000
Oppo,6,128,0,9,11700000
Vivo,8,512,3,7,20750000
Infinix,8,64,1,7,6400000
Vivo,6,512,0,8,30600000
Samsung,4,128,1,5,11000000
iPhone,12,128,1,7,16700000
iPhone,12,256,1,7,21950000
Oppo,6,512,1,10,27850000
Infinix,12,256,2,9,15400000
Samsung,6,64,2,10,8600000
iPhone,4,64,1,8,11200000
Infinix,4,512,2,8,23300000
iPhone,8,256,5,5,10700000
Vivo,8,256,0,7,17300000
Vivo,8,512,0,9,31500000
Xiaomi,6,512,3,6,20050000
Infinix,8,512,1,10,27750000
Xiaomi,6,512,1,5,25900000
Xiaomi,6,512,3,6,20600000
iPhone,4,64,2,9,10150000
Vivo,4,512,1,5,25950000
Vivo,4,512,5,5,13950000
Infinix,8,256,5,5,7700000
Vivo,6,128,5,6,5300000
Oppo,4,512,4,8,17450000
iPhone,6,64,0,9,13950000
Xiaomi,8,64,0,8,8600000
Vivo,6,128,2,9,8700000
Xiaomi,12,512,5,9,16350000
Oppo,4,128,4,6,5550000
Xiaomi,4,128,1,7,9050000
Vivo,12,128,5,9,6500000
Vivo,6,128,4,8,6200000
Oppo,8,256,0,8,18500000
Oppo,8,64,5,10,4450000
Infinix,6,256,0,5,16100000
Oppo,6,128,0,10,11450000
Xiaomi,6,64,1,5,6050000
Oppo,6,128,5,10,5900000
Vivo,8,512,4,8,18150000
Samsung,6,512,5,5,16150000
Oppo,4,64,4,7,3650000
Oppo,8,512,0,7,31100000
Oppo,6,512,2,10,25150000
Infinix,12,256,0,7,18200000
Oppo,6,64,0,10,8850000
Infinix,8,512,2,10,24750000
Samsung,8,256,0,7,20100000
Xiaomi,8,64,5,9,4200000
Oppo,8,64,0,5,7900000
Infinix,4,128,2,6,7150000
Xiaomi,6,128,3,7,7050000
Xiaomi,4,256,0,5,16250000
Vivo,6,128,1,10,10750000
Infinix,12,128,0,7,11700000
Infinix,4,256,4,10,9850000
Samsung,6,64,5,7,5200000
Oppo,4,512,1,7,26400000
Vivo,8,128,3,10,8550000
Xiaomi,12,256,4,5,10150000
Vivo,4,512,0,7,29600000
Xiaomi,12,64,4,8,5950000
Xiaomi,12,512,4,6,18550000
Samsung,6,64,0,9,11250000
Infinix,8,512,3,10,21600000
Samsung,6,512,3,5,22400000
Oppo,4,256,4,10,11000000
Oppo,8,128,2,5,9250000
Infinix,8,512,1,8,27200000
Oppo,12,128,3,5,8500000
Samsung,6,256,0,6,19450000
iPhone,12,256,1,8,22050000
Samsung,4,256,0,8,19850000
Oppo,4,256,2,5,13100000
Infinix,6,256,3,9,11350000
Oppo,4,64,2,8,5900000
iPhone,8,64,4,9,8850000
Samsung,8,256,0,6,20800000
Oppo,8,64,2,5,5900000
iPhone,6,64,0,5,12700000
Vivo,4,128,1,6,8700000
iPhone,6,64,4,7,7750000
Samsung,4,64,3,6,6150000
Oppo,8,256,5,10,9100000
Oppo,6,512,3,6,21250000
Samsung,6,128,1,5,12250000
Samsung,8,256,0,7,20250000
Oppo,4,64,0,8,7700000
iPhone,8,256,5,10,12500000
Infinix,12,128,2,8,9150000
iPhone,8,512,4,10,21800000
Samsung,8,128,1,10,13400000
Vivo,6,128,2,5,7900000
Xiaomi,12,512,0,8,31550000
Oppo,4,64,3,9,5100000
Oppo,8,256,5,10,9550000
Samsung,8,128,1,5,12050000
Vivo,4,64,1,9,6700000
Infinix,8,128,4,8,6200000
Infinix,12,64,2,5,5950000
Samsung,6,256,0,8,19900000
Oppo,6,256,5,6,8700000
iPhone,6,512,3,7,24800000
iPhone,4,256,2,5,17050000
Infinix,4,64,1,6,4900000
Oppo,4,128,4,8,6350000
iPhone,6,256,3,8,16200000
Infinix,8,512,2,10,24700000
Vivo,12,128,1,9,11200000
iPhone,4,256,5,5,10900000
Vivo,8,128,0,7,11500000
Infinix,12,256,4,7,10700000
Samsung,12,256,0,9,21750000
Oppo,8,128,3,6,7850000
Infinix,6,128,1,7,8850000
Samsung,8,512,1,8,30250000
Xiaomi,8,512,5,8,15350000
Xiaomi,12,128,1,8,11700000
Xiaomi,6,128,5,6,4350000
Infinix,6,128,5,9,4800000
Infinix,8,256,5,6,7650000
Vivo,4,512,3,10,20800000
iPhone,4,128,5,5,7150000
Oppo,6,512,3,6,20650000
Oppo,6,256,1,8,15650000
iPhone,4,256,2,8,17850000
Samsung,8,256,4,8,12400000
Infinix,12,256,3,7,12700000
Vivo,6,64,3,5,4600000
Xiaomi,4,128,3,5,6900000
Oppo,8,512,2,7,24500000
iPhone,8,256,4,5,13750000
Infinix,4,64,3,7,4650000
Samsung,8,128,4,9,8800000
Xiaomi,12,256,1,6,16800000
Vivo,8,128,5,5,5250000
Xiaomi,4,128,0,6,9550000
Xiaomi,4,512,0,10,30200000
iPhone,12,512,1,8,34050000
Vivo,4,128,2,5,7900000
Samsung,4,128,4,5,6850000
iPhone,6,256,3,8,16450000
Vivo,6,64,1,8,7200000
Infinix,6,64,5,8,3050000
Vivo,6,256,5,6,8350000
Infinix,4,256,2,5,12450000
Samsung,6,64,5,10,5100000
Samsung,8,64,4,8,6150000
Infinix,4,256,5,5,7300000
Vivo,8,128,4,6,6300000
Samsung,12,128,2,5,12250000
iPhone,4,64,2,7,10400000
Oppo,12,512,2,5,25200000
iPhone,8,512,0,10,36950000
Infinix,6,512,1,8,26800000
Xiaomi,4,512,5,8,14150000
